lemma,pos,english,text,sort_field,sent,english_sent,morph,tags
recalcar,VERB,emphasize,recalcar,CHAR-00003342,"El obligador se volvió, alzando una ceja en un movimiento hecho como para recalcar su rasgo más característico.","The obligator turned, raising an eyebrow in a movement made as if to emphasize his most characteristic feature.","{""VerbForm"": ""Inf""}",[]
tragar,VERB,swallow,traga,CHAR-00005704,Fue una bebida caliente que se traga demasiado deprisa.,It was a hot drink that was swallowed too quickly.,"{""Mood"": ""Ind"", ""Number"": ""Sing"", ""Person"": ""3"", ""Tense"": ""Pres"", ""VerbForm"": ""Fin""}",[]
hazaña,NOUN,feat,hazaña,CHAR-00006536,¿Y cómo consiguió una hazaña como ésta?,And how did he achieve a feat like this?,"{""Gender"": ""Fem"", ""Number"": ""Sing""}",[]
paso,NOUN,path,paso,CHAR-00007565,"Se soltó de Shum y se acercó al grupo, levantando a su paso polvo y ceniza.","He let go of Shum and approached the group, raising dust and ash in his wake.","{""Gender"": ""Masc"", ""Number"": ""Sing""}",[]
pieza,NOUN,part,pieza,CHAR-00008312,Una pieza de fruta rodó por el suelo y chocó suavemente contra el pie de Tepper.,A piece of fruit rolled across the floor and gently collided with Tepper's foot.,"{""Gender"": ""Fem"", ""Number"": ""Sing""}",[]
agotamiento,NOUN,exhaustion,agotamiento,CHAR-00008918,"Algunos por azotes, otros por agotamiento.","Some from spanking, others from exhaustion.","{""Gender"": ""Masc"", ""Number"": ""Sing""}",[]
rojizo,ADJ,reddish,rojizo,CHAR-00010029,"Lord Tresting frunció el ceño, contempló el rojizo cielo.","Lord Tresting frowned, looking up at the reddish sky.","{""Gender"": ""Masc"", ""Number"": ""Sing""}",[]
manchar él,VERB,stain it,mancharse,CHAR-00010235,Tresting esperaba poder evitar mancharse su nueva túnica.,Tresting hoped he could avoid staining his new tunic.,"{""Case"": ""Dat"", ""Person"": ""3"", ""PrepCase"": ""Npr"", ""PronType"": ""Prs"", ""Reflex"": ""Yes"", ""VerbForm"": ""Inf""}",[]
chaleco,NOUN,vest,chaleco,CHAR-00010266,Tresting esperaba poder evitar mancharse su chaleco rojo.,Tresting hoped he could avoid staining his red vest.,"{""Gender"": ""Masc"", ""Number"": ""Sing""}",[]
mismísima,NOUN,herself,mismísima,CHAR-00010334,Estos acababan de llegar en barco por el canal desde la mismísima Luthadel.,These had just arrived by canal boat from Luthadel itself.,"{""Gender"": ""Fem"", ""Number"": ""Sing""}",[]
patio,NOUN,yard,patio,CHAR-00010488,Tresting se encontraba junto a su invitado en un pequeño patio elevado que dominaba los campos.,Tresting stood with his guest on a small raised patio overlooking the fields.,"{""Gender"": ""Masc"", ""Number"": ""Sing""}",[]
saya,NOUN,skirt,saya,CHAR-00010551,"Cientos de personas con saya marrón trabajaban bajo la lluvia de ceniza, cuidando las cosechas.","Hundreds of people in brown skirts worked under the rain of ash, tending to the crops.","{""Gender"": ""Fem"", ""Number"": ""Sing""}",[]
cosecha,NOUN,harvest,cosechas,CHAR-00010613,Las cosechas apenas parecía que merecieran el esfuerzo.,The crops hardly seemed worth the effort.,"{""Gender"": ""Fem"", ""Number"": ""Plur""}",[]
campesino,NOUN,farmer,campesinos,CHAR-00010701,Los campesinos eran una especie indolente e improductiva.,The peasants were an indolent and unproductive species.,"{""Gender"": ""Masc"", ""Number"": ""Plur""}",[]
indolente,ADJ,indolent,indolente,CHAR-00010729,Los campesinos eran una especie indolente e improductiva.,The peasants were an indolent and unproductive species.,"{""Number"": ""Sing""}",[]
gacho,ADJ,crook,gacha,CHAR-00010849,"Tenía que estar allí, en alguna parte, trabajando con la cabeza gacha.","He had to be there, somewhere, working with his head down.","{""Gender"": ""Fem"", ""Number"": ""Sing""}",[]
látigo,NOUN,whip,látigo,CHAR-00010901,El látigo de algún capataz que pasaba los obligaba a acelerar durante unos momentos.,The whip of some passing foreman forced them to accelerate for a few moments.,"{""Gender"": ""Masc"", ""Number"": ""Sing""}",[]
sopor,NOUN,doze,sopor,CHAR-00011038,Ellos regresaban a su sopor.,They returned to their slumber.,"{""Gender"": ""Masc"", ""Number"": ""Sing""}",[]
advertir,VERB,warn,advirtió,CHAR-00011194,"Nos lo advirtió, Tepper.","You warned us, Tepper.","{""Mood"": ""Ind"", ""Number"": ""Sing"", ""Person"": ""3"", ""Tense"": ""Past"", ""VerbForm"": ""Fin""}",[]
ceja,NOUN,eyebrow,ceja,CHAR-00011240,Kelsier alzó una ceja.,Kelsier raised an eyebrow.,"{""Gender"": ""Fem"", ""Number"": ""Sing""}",[]
rasgo,NOUN,feature,rasgo,CHAR-00011290,El obligador se volvió  para recalcar su rasgo más característico.,The obligator turned to emphasize his most characteristic feature.,"{""Gender"": ""Masc"", ""Number"": ""Sing""}",[]
tatuaj,NOUN,tattoo,tatuajes,CHAR-00011332,Los tatuajes eran enormes.,The tattoos were enormous.,"{""Gender"": ""Masc"", ""Number"": ""Plur""}",[]
rodear,VERB,surround,rodeaba,CHAR-00011366,Los intrincados tatuajes marcaban la piel que rodeaba sus ojos.,The intricate tattoos marked the skin around his eyes.,"{""Mood"": ""Ind"", ""Number"": ""Sing"", ""Person"": ""3"", ""Tense"": ""Imp"", ""VerbForm"": ""Fin""}",[]
prelado,NOUN,prelate,prelado,CHAR-00011472,"Era un prelado absoluto, un obligador muy importante.","He was an absolute prelate, a very important obligator.","{""Gender"": ""Masc"", ""Number"": ""Sing""}",[]
azote,NOUN,whipping,azote,CHAR-00012090,El hecho de que te apartaras podría haberles valido un azote a los hombres que te rodeaban.,Your leaving could have earned the men around you a whipping.,"{""Gender"": ""Masc"", ""Number"": ""Sing""}",[]
firme,ADJ,firm,firme,CHAR-00012424,Su expresión era firme.,His expression was firm.,"{""Number"": ""Sing""}",[]
asinteír,VERB,nod,asintió,CHAR-00012444,La muchacha asintió en silencio.,The girl nodded silently.,"{""Mood"": ""Ind"", ""Number"": ""Sing"", ""Person"": ""3"", ""Tense"": ""Past"", ""VerbForm"": ""Fin""}",[]
complacido,ADJ,pleased,complacido,CHAR-00012473,"Parecía complacido, lo cual era buena cosa.","He seemed pleased, which was a good thing.","{""Gender"": ""Masc"", ""Number"": ""Sing"", ""VerbForm"": ""Part""}",[]
alquilar,VERB,rent,alquilaba,CHAR-00012628,Tresting sólo alquilaba los trabajadores a su Dios.,Tresting only rented workers to his God.,"{""Mood"": ""Ind"", ""Number"": ""Sing"", ""Person"": ""3"", ""Tense"": ""Imp"", ""VerbForm"": ""Fin""}",[]
mirada,NOUN,look,mirada,CHAR-00012742,El obligador bajó la mirada.,The obligator looked down.,"{""Gender"": ""Fem"", ""Number"": ""Sing""}",[]
ira,NOUN,wrath,ira,CHAR-00012743,La atención del Lord Legislador y la ira del Ministerio de Acero.,The attention of the Lord Ruler and the wrath of the Ministry of Steel.,"{""Gender"": ""Fem"", ""Number"": ""Sing""}",[]
comprobar,VERB,find out,comprobó,CHAR-00012750,El obligador bajó la mirada y comprobó su reloj de bolsillo.,The obligator looked down and checked his pocket watch.,"{""Mood"": ""Ind"", ""Number"": ""Sing"", ""Person"": ""3"", ""Tense"": ""Past"", ""VerbForm"": ""Fin""}",[]
brillar,VERB,shine,brillaba,CHAR-00012832,"A pesar de la lluvia de ceniza, brillaba un fulgurante rojo carmesí.","Despite the rain of ash, a brilliant crimson red shone.","{""Mood"": ""Ind"", ""Number"": ""Sing"", ""Person"": ""3"", ""Tense"": ""Imp"", ""VerbForm"": ""Fin""}",[]
fulgurante,ADJ,brilliant,fulgurante,CHAR-00012844,"A pesar de la lluvia de ceniza, brillaba un fulgurante rojo carmesí.","Despite the rain of ash, a brilliant crimson red shone.","{""Number"": ""Sing""}",[]
carmesí,ADJ,crimson,carmesí,CHAR-00012860,"A pesar de la lluvia de ceniza, brillaba un fulgurante rojo carmesí.","Despite the rain of ash, a brilliant crimson red shone.","{""Number"": ""Sing""}",[]
negrura,NOUN,blackness,negrura,CHAR-00012876,Brillaba un fulgurante rojo carmesí tras la negrura ahumada de las alturas.,A brilliant crimson red shone behind the smoky blackness of the heights.,"{""Gender"": ""Fem"", ""Number"": ""Sing""}",[]
ahumado,ADJ,smoky,ahumada,CHAR-00012884,Brillaba un fulgurante rojo carmesí tras la negrura ahumada de las alturas.,A brilliant crimson red shone behind the smoky blackness of the heights.,"{""Gender"": ""Fem"", ""Number"": ""Sing"", ""VerbForm"": ""Part""}",[]
pañuelo,NOUN,handkerchief,pañuelo,CHAR-00012925,Tresting sacó un pañuelo y se secó la frente.,Tresting took out a handkerchief and wiped his forehead.,"{""Gender"": ""Masc"", ""Number"": ""Sing""}",[]
secar,VERB,dry off,secó,CHAR-00012938,Tresting sacó un pañuelo y se secó la frente.,Tresting took out a handkerchief and wiped his forehead.,"{""Mood"": ""Ind"", ""Number"": ""Sing"", ""Person"": ""3"", ""Tense"": ""Past"", ""VerbForm"": ""Fin""}",[]
propuesta,NOUN,proposal,propuesta,CHAR-00013081,"Presentaré su propuesta a Lord Venture, como ha solicitado.","I will present your proposal to Lord Venture, as you have requested.","{""Gender"": ""Fem"", ""Number"": ""Sing""}",[]
informe,NOUN,report,informe,CHAR-00013137,Tendrá un informe favorable por mi parte sobre sus operaciones aquí.,You will have a favorable report from me on your operations here.,"{""Gender"": ""Masc"", ""Number"": ""Sing""}",[]
contener,VERB,contain,contuvo,CHAR-00013205,Tresting contuvo un suspiro de alivio.,Tresting breathed a sigh of relief.,"{""Mood"": ""Ind"", ""Number"": ""Sing"", ""Person"": ""3"", ""Tense"": ""Past"", ""VerbForm"": ""Fin""}",[]
alivio,NOUN,relief,alivio,CHAR-00013227,Tresting contuvo un suspiro de alivio.,Tresting breathed a sigh of relief.,"{""Gender"": ""Masc"", ""Number"": ""Sing""}",[]
testigo,NOUN,witness,testigo,CHAR-00013265,Se requería un obligador como testigo para cualquier contrato.,An obligator was required as a witness for any contract.,"{""Gender"": ""Masc"", ""Number"": ""Sing""}",[]
contrato,NOUN,contract,contrato,CHAR-00013288,Se requería un obligador como testigo para cualquier contrato.,An obligator was required as a witness for any contract.,"{""Gender"": ""Masc"", ""Number"": ""Sing""}",[]
mismísimo,ADJ,very same,mismísimo,CHAR-00013457,Era mejor impresionar al mismísimo obligador de Straff Venture.,It was better to impress Straff Venture's own obligator.,"{""Degree"": ""Abs"", ""Gender"": ""Masc"", ""Number"": ""Sing""}",[]
acero,NOUN,steel,acero,CHAR-00014186,Habrían enviado en mi lugar a un inquisidor de acero.,They would have sent a steel inquisitor in my place.,"{""Gender"": ""Masc"", ""Number"": ""Sing""}",[]
satisfecho,ADJ,satisfied,satisfecho,CHAR-00014326,–Entonces ¿estás satisfecho con esto?,–So are you satisfied with this?,"{""Gender"": ""Masc"", ""Number"": ""Sing"", ""VerbForm"": ""Part""}",[]
sanear,VERB,heal,sanea,CHAR-00014481,Lo que he visto y oído aquí indica que siempre sanea sus problemas.,What I have seen and heard here indicates that he always cleans up his problems.,"{""Mood"": ""Imp"", ""Number"": ""Sing"", ""Person"": ""2"", ""VerbForm"": ""Fin""}",[]
acontecimiento,NOUN,event,acontecimientos,CHAR-00015696,Sobrevive un poco más y puede que veas grandes acontecimientos en el Imperio Final.,Survive a little longer and you may see great events in the Final Empire.,"{""Gender"": ""Masc"", ""Number"": ""Plur""}",[]
aumentar,VERB,increase,aumentado,CHAR-00015757,Su población de skaa había aumentado últimamente.,Their skaa population had increased lately.,"{""Gender"": ""Masc"", ""Number"": ""Sing"", ""Tense"": ""Past"", ""VerbForm"": ""Part""}",[]
alzar,VERB,raise,alzó,CHAR-00016226,Kelsier alzó una ceja.,Kelsier raised an eyebrow.,"{""Mood"": ""Ind"", ""Number"": ""Sing"", ""Person"": ""3"", ""Tense"": ""Past"", ""VerbForm"": ""Fin""}",[]
desafío,NOUN,challenge,desafío,CHAR-00016305,Colarme en su mansión durante el día fue todo un desafío.,Sneaking into his mansion during the day was quite a challenge.,"{""Gender"": ""Masc"", ""Number"": ""Sing""}",[]
apartar,VERB,set aside,apartó,CHAR-00016537,Mennis se apartó un poco de la muchedumbre.,Mennis moved a little away from the crowd.,"{""Mood"": ""Ind"", ""Number"": ""Sing"", ""Person"": ""3"", ""Tense"": ""Past"", ""VerbForm"": ""Fin""}",[]
señalar,VERB,point,señalar,CHAR-00016661,"–¿Sí, mi señor? Tresting se volvió para señalar.",-Yes my lord? Tresting turned to point.,"{""VerbForm"": ""Inf""}",[]
paliza,NOUN,beating,paliza,CHAR-00017617,Una vez vi darle una paliza a un hombre.,I once saw a man beaten.,"{""Gender"": ""Fem"", ""Number"": ""Sing""}",[]
susurro,NOUN,whisper,susurros,CHAR-00017725,Había oído susurros de la época lejana.,He had heard whispers of the distant time.,"{""Gender"": ""Masc"", ""Number"": ""Plur""}",[]
planta,NOUN,plant,plantas,CHAR-00017856,Evitaba pisar las plantas.,He avoided stepping on the plants.,"{""Gender"": ""Fem"", ""Number"": ""Plur""}",[]
choza,NOUN,hut,chozas,CHAR-00018331,Las chozas de los skaa se alzaban a la escasa luz.,The skaa huts stood in the dim light.,"{""Gender"": ""Fem"", ""Number"": ""Plur""}",[]
cabo de un rato,NOUN,After a while,cabo de un rato,CHAR-00018371,"Al cabo de un rato, los otros skaa empezaron a despertarse.","After a while, the other skaa began to wake up.",{},[]
suspirar,VERB,to sigh,suspiró,CHAR-00018396,Kelsier suspiró y puso los ojos en blanco.,Kelsier sighed and rolled his eyes.,"{""Mood"": ""Ind"", ""Number"": ""Sing"", ""Person"": ""3"", ""Tense"": ""Past"", ""VerbForm"": ""Fin""}",[]
montículo,NOUN,mound,montículos,CHAR-00018485,"Al cabo de un rato, Kelsier suspiró, abriéndose paso entre grandes montículos de ceniza.","After a while, Kelsier sighed, making his way through large mounds of ash.","{""Gender"": ""Masc"", ""Number"": ""Plur""}",[]
hoguera,NOUN,bonfire,hoguera,CHAR-00019402,Una hoguera ardía débilmente en el centro.,A bonfire burned weakly in the center.,"{""Gender"": ""Fem"", ""Number"": ""Sing""}",[]
arder,VERB,burn,ardía,CHAR-00019410,Una hoguera ardía débilmente en el centro.,A bonfire burned weakly in the center.,"{""Mood"": ""Ind"", ""Number"": ""Sing"", ""Person"": ""3"", ""Tense"": ""Imp"", ""VerbForm"": ""Fin""}",[]
sentado,ADJ,sitting,sentado,CHAR-00019885,Notó el grano de la madera del taburete en el que estaba sentado.,He noticed the grain of the wood of the stool he was sitting on.,"{""Gender"": ""Masc"", ""Number"": ""Sing"", ""VerbForm"": ""Part""}",[]
capa,NOUN,layer,capas,CHAR-00020246,"– Sonrió, alzando manos y brazos llenos de capas de finas cicatrices.","– He smiled, raising hands and arms full of layers of fine scars.","{""Gender"": ""Fem"", ""Number"": ""Plur""}",[]
cicatriz,NOUN,scar,cicatrices,CHAR-00020269,¿Tenía cicatrices en las manos y los brazos?,Did he have scars on his hands and arms?,"{""Gender"": ""Fem"", ""Number"": ""Plur""}",[]
mueca,NOUN,face (expression),mueca,CHAR-00020406,Tepper hizo una mueca.,Tepper grimaced.,"{""Gender"": ""Fem"", ""Number"": ""Sing""}",[]
comportar,VERB,behave,comporte,CHAR-00020749,Esperamos que se comporte y evite levantar sospechas.,We expect them to behave and avoid arousing suspicion.,"{""Mood"": ""Sub"", ""Number"": ""Sing"", ""Person"": ""3"", ""Tense"": ""Pres"", ""VerbForm"": ""Fin""}",[]
marchar,VERB,to leave,marche,CHAR-00021375,"Si queréis que me marche, lo haré.","If you want me to leave, I will.","{""Mood"": ""Sub"", ""Number"": ""Sing"", ""Person"": ""3"", ""Tense"": ""Pres"", ""VerbForm"": ""Fin""}",[]
suelo,NOUN,floor,suelo,CHAR-00021593,Se levantó bruscamente y el taburete cayó al suelo tras él.,He stood up abruptly and the stool fell to the floor behind him.,"{""Gender"": ""Masc"", ""Number"": ""Sing""}",[]
taburete,NOUN,stool,taburete,CHAR-00022434,El taburete cayó al suelo tras él.,The stool fell to the floor behind him.,"{""Gender"": ""Masc"", ""Number"": ""Sing""}",[]
lor,NOUN,Lord,lores,CHAR-00023302,"Todos ellos: los soldados, los capataces, los lores…, muertos.","All of them: the soldiers, the foremen, the lords..., dead.","{""Gender"": ""Masc"", ""Number"": ""Plur""}",[]
capataz,NOUN,foreman,capataces,CHAR-00023604,"Todos ellos: los soldados, los capataces, los lores…, muertos.","All of them: the soldiers, the foremen, the lords..., dead.","{""Number"": ""Plur""}",[]
temor,NOUN,fear,temor,CHAR-00024587,"–Cuidado, muchacho –dijo Mennis, lleno de temor–.","""Be careful, boy,"" said Mennis, full of fear.","{""Gender"": ""Masc"", ""Number"": ""Sing""}",[]
contenido,NOUN,content,contenido,CHAR-00024810,La mochila se volcó y su contenido se desparramó.,The backpack tipped over and its contents spilled out.,"{""Gender"": ""Masc"", ""Number"": ""Sing""}",[]
despensa,NOUN,pantry,despensa,CHAR-00025217,Su despensa es una vergüenza para su posición.,Your pantry is a disgrace to your position.,"{""Gender"": ""Fem"", ""Number"": ""Sing""}",[]
impresionante,ADJ,impressive,impresionante,CHAR-00025510,El anciano no era en absoluto impresionante.,The old man was not at all impressive.,"{""Number"": ""Sing""}",[]
comentar,VERB,comment,comentó,CHAR-00026648,"–Tu historia ha quedado interrumpida, joven –comentó un skaa mayor.","“Your story is interrupted, young man,” commented an older skaa.","{""Mood"": ""Ind"", ""Number"": ""Sing"", ""Person"": ""3"", ""Tense"": ""Past"", ""VerbForm"": ""Fin""}",[]
brillo,NOUN,glow,brillo,CHAR-00027890,Había un brillo especial en los ojos de Mennis.,There was a special sparkle in Mennis's eyes.,"{""Gender"": ""Masc"", ""Number"": ""Sing""}",[]
sacudir,VERB,shake,sacudió,CHAR-00028750,El viejo Mennis sacudió la cabeza.,Old Mennis shook his head.,"{""Mood"": ""Ind"", ""Number"": ""Sing"", ""Person"": ""3"", ""Tense"": ""Past"", ""VerbForm"": ""Fin""}",[]
fruncir el ceño,VERB,to frown,frunciendo el ceño,CHAR-00029142,"– preguntó Mennis, frunciendo el ceño.","– Mennis asked, frowning.","{""VerbForm"": ""Ger""}",[]
estaño,NOUN,tin,estaño,CHAR-00030404,Kelsier quemó estaño.,Kelsier burned tin.,"{""Gender"": ""Masc"", ""Number"": ""Sing""}",[]
cobrar,VERB,charge,cobró,CHAR-00030689,El metal cobró vida en su interior.,The metal came to life inside him.,"{""Mood"": ""Ind"", ""Number"": ""Sing"", ""Person"": ""3"", ""Tense"": ""Past"", ""VerbForm"": ""Fin""}",[]
acabar,VERB,finish,acabado,CHAR-00031989,–¿Devuelve alguna vez a las muchachas Lord Tresting después de haber acabado con ellas?,"""Does Lord Tresting ever return the girls after he's finished with them?""","{""Gender"": ""Masc"", ""Number"": ""Sing"", ""Tense"": ""Past"", ""VerbForm"": ""Part""}",[]
internar,VERB,to go into,internó,CHAR-00033164,"Pero se internó en la bruma, pensó Mennis.","But he went into the mist, thought Mennis.","{""Mood"": ""Ind"", ""Number"": ""Sing"", ""Person"": ""3"", ""Tense"": ""Past"", ""VerbForm"": ""Fin""}",[]
apoyar,VERB,lean,apoyaba,CHAR-00034966,"Shum, el joven en el que se apoyaba, se detuvo.","Shum, the young man she was leaning on, stopped.","{""Mood"": ""Ind"", ""Number"": ""Sing"", ""Person"": ""3"", ""Tense"": ""Imp"", ""VerbForm"": ""Fin""}",[]
llevar,VERB,carry,llevaran,CHAR-00035675,Volvió poco después de que se la llevaran.,She returned shortly after they took her.,"{""Mood"": ""Sub"", ""Number"": ""Plur"", ""Person"": ""3"", ""Tense"": ""Imp"", ""VerbForm"": ""Fin""}",[]
acudir,VERB,to go to site,acudía,CHAR-00036090,Ningún soldado acudía a contarlos como cada mañana.,No soldier came to count them like every morning.,"{""Mood"": ""Ind"", ""Number"": ""Sing"", ""Person"": ""3"", ""Tense"": ""Imp"", ""VerbForm"": ""Fin""}",[]
resonar,VERB,resonate,resonaron,CHAR-00037744,Las palabras que Kelsier había pronunciado la noche anterior resonaron en sus oídos.,The words Kelsier had spoken the night before echoed in his ears.,"{""Mood"": ""Ind"", ""Number"": ""Plur"", ""Person"": ""3"", ""Tense"": ""Past"", ""VerbForm"": ""Fin""}",[]
alabanza,NOUN,praise,alabanzas,CHAR-00014843,Pero oír tales alabanzas por parte de uno de los servidores del Lord Legislador…,But to hear such praise from one of the Lord Ruler's servants…,"{""Gender"": ""Fem"", ""Number"": ""Plur""}",[]
inquietante,ADJ,disturbing,inquietantes,CHAR-00014974,Tresting sabía que algunos nobles consideraban a los obligadores inquietantes.,Tresting knew that some nobles found the Obligors unsettling.,"{""Number"": ""Plur""}",[]
ensangrentado,ADJ,bloody,ensangrentado,CHAR-00015176,Bajo el sol ensangrentado y los perezosos copos de ceniza.,Under the bloody sun and lazy flakes of ash.,"{""Gender"": ""Masc"", ""Number"": ""Sing"", ""VerbForm"": ""Part""}",[]
copo,NOUN,flake,copos,CHAR-00015206,Los copos de ceniza.,The flakes of ash.,"{""Gender"": ""Masc"", ""Number"": ""Plur""}",[]
mudar él,VERB,move,mudarse,CHAR-00015300,El soñaba con mudarse a la propia Luthadel.,He dreamed of moving to Luthadel itself.,"{""Case"": ""Acc"", ""Person"": ""3"", ""PrepCase"": ""Npr"", ""PronType"": ""Prs"", ""Reflex"": ""Yes"", ""VerbForm"": ""Inf""}",[]
curso,NOUN,course,curso,CHAR-00015683,¿Pero podría acelerar Tresting el curso de los acontecimientos si trabajaba más?,But could Tresting speed up the course of events if he worked harder?,"{""Gender"": ""Masc"", ""Number"": ""Sing""}",[]
apretar,VERB,squeeze,apretaba,CHAR-00015795,Tal vez si los apretaba un poco más pudiera producir una cosecha.,Maybe if he squeezed them a little harder he could produce a crop.,"{""Mood"": ""Ind"", ""Number"": ""Sing"", ""Person"": ""3"", ""Tense"": ""Imp"", ""VerbForm"": ""Fin""}",[]
cumplir con creces,NOUN,To more than fulfill,Cumplir con creces,CHAR-00015875,Cumplir con creces su contrato con Lord Venture.,To more than fulfilling his contract with Lord Venture.,{},[]
azada,ADJ,hoe,azadas,CHAR-00016003,Están trabajando con sus azadas.,They are working with their hoes.,"{""Gender"": ""Fem"", ""Number"": ""Plur"", ""VerbForm"": ""Part""}",[]
chispa,NOUN,spark,chispa,CHAR-00016280,"El hombre lo miró a los ojos, con una chispa (no, un fuego) de desafío en su expresión.","The man looked him in the eyes, a spark (no, a fire) of defiance in his expression.","{""Gender"": ""Fem"", ""Number"": ""Sing""}",[]
erguido,ADJ,erect,erguido,CHAR-00016481,El extraño y erguido skaa le sostenía la mirada.,"The strange, upright skaa held his gaze.","{""Gender"": ""Masc"", ""Number"": ""Sing"", ""VerbForm"": ""Part""}",[]
fornido,ADJ,well-built,fornido,CHAR-00016578,El fornido capataz subió corriendo la cuesta.,The burly foreman ran up the slope.,"{""Gender"": ""Masc"", ""Number"": ""Sing""}",[]
subir,VERB,increase,subió,CHAR-00016594,El fornido capataz subió corriendo la cuesta.,The burly foreman ran up the slope.,"{""Mood"": ""Ind"", ""Number"": ""Sing"", ""Person"": ""3"", ""Tense"": ""Past"", ""VerbForm"": ""Fin""}",[]
hollín,NOUN,soot,hollín,CHAR-00016767,Fue un cuerpo manchado de hollín y sudor.,It was a body stained with soot and sweat.,"{""Gender"": ""Masc"", ""Number"": ""Sing""}",[]
sudor,NOUN,sweat,sudor,CHAR-00016776,Fue un cuerpo manchado de hollín y sudor.,It was a body stained with soot and sweat.,"{""Gender"": ""Masc"", ""Number"": ""Sing""}",[]
aconsejable,ADJ,advisable,aconsejable,CHAR-00017246,No era aconsejable.,It was not advisable.,"{""Number"": ""Sing""}",[]
descaradamente,ADJ,shamelessly,descaradamente,CHAR-00017308,Uno de los skaa había actuado tan descaradamente.,One of the skaa had acted so brazenly.,"{""Number"": ""Sing""}",[]
esclavo,NOUN,slave,esclavos,CHAR-00017910,Los skaa no eran esclavos.,The skaa were not slaves.,"{""Gender"": ""Masc"", ""Number"": ""Plur""}",[]
gigantesco,ADJ,gigantic,gigantesco,CHAR-00018100,"Kelsier contempló el sol, siguiendo con los ojos el gigantesco disco rojo.","Kelsier watched the sun, his eyes following the giant red disk.","{""Gender"": ""Masc"", ""Number"": ""Sing""}",[]
occidental,ADJ,western,occidental,CHAR-00018164,El horizonte occidental.,The western horizon.,"{""Number"": ""Sing""}",[]
socavón,NOUN,underpass,socavones,CHAR-00018434,"Al cabo de un rato, Kelsier suspiró y se volvió para regresar por socavones y trochas.","After a while, Kelsier sighed and turned to head back down the underpasses and trails.","{""Gender"": ""Masc"", ""Number"": ""Plur""}",[]
trocha,NOUN,trail,trochas,CHAR-00018446,"Al cabo de un rato, Kelsier suspiró y se volvió para regresar por socavones y trochas.","After a while, Kelsier sighed and turned to head back down the underpasses and trails.","{""Gender"": ""Fem"", ""Number"": ""Plur""}",[]
pisar,VERB,step,pisar,CHAR-00018515,"Evitaba pisar las plantas, aunque no estaba seguro de por qué se molestaba.","He avoided stepping on the plants, although he wasn't sure why he bothered.","{""VerbForm"": ""Inf""}",[]
reseco,ADJ,parched,resecas,CHAR-00018667,"Débiles, con hojas marrones resecas, las plantas parecían casi tan deprimidas como la gente que las atendía.","Weak, with dried brown leaves, the plants seemed almost as depressed as the people who tended to them.","{""Gender"": ""Fem"", ""Number"": ""Plur""}",[]
deprimido,ADJ,depressed,deprimidas,CHAR-00018706,Las plantas parecían casi tan deprimidas como la gente que las atendía.,The plants seemed almost as depressed as the people who tended to them.,"{""Gender"": ""Fem"", ""Number"": ""Plur"", ""VerbForm"": ""Part""}",[]
escaso,ADJ,scarce,escasa,CHAR-00018787,Las chozas de los skaa se alzaban a la escasa luz.,The skaa huts stood in the dim light.,"{""Gender"": ""Fem"", ""Number"": ""Sing""}",[]
caldero,NOUN,cauldron,caldero,CHAR-00019450,El gran caldero que había a su lado estaba lleno de agua.,The large cauldron next to it was filled with water.,"{""Gender"": ""Masc"", ""Number"": ""Sing""}",[]
burdo,ADJ,crude,burda,CHAR-00019900,El grupo de hombres sentados a una burda mesa continuó observando.,The group of men sitting at a crude table continued to stare.,"{""Gender"": ""Fem"", ""Number"": ""Sing""}",[]
fino,ADJ,fine,finas,CHAR-00020263,"– Sonrió, alzando manos y brazos llenos de capas y capas de finas cicatrices.","– He smiled, raising hands and arms full of layers and layers of fine scars.","{""Gender"": ""Fem"", ""Number"": ""Plur""}",[]
garra,NOUN,claw,garras,CHAR-00020367,La bestia ha pasado repetidamente las garras por sus brazos.,The beast had repeatedly ran its claws down his arms.,"{""Gender"": ""Fem"", ""Number"": ""Plur""}",[]
hombrecillo,NOUN,little man,hombrecillo,CHAR-00020564,"Sin embargo, el hombrecillo se comportaba con el aire de alguien a quien le gusta estar al mando.","However, the little man carried himself with the air of someone who likes to be in charge.","{""Gender"": ""Masc"", ""Number"": ""Sing""}",[]
mando,NOUN,command,mando,CHAR-00020639,"Sin embargo, el hombrecillo se comportaba con el aire de alguien a quien le gusta estar al mando.","However, the little man carried himself with the air of someone who likes to be in charge.",{},[]
chanza,NOUN,joke,chanzas,CHAR-00020671,"–Este no es momento para chanzas –dijo Tepper, severo–.","“This is no time for jokes,” said Tepper, sternly.","{""Gender"": ""Fem"", ""Number"": ""Plur""}",[]
acoger,VERB,shelter,acogemos,CHAR-00020709,"Cuando acogemos a un viajero, esperamos que se comporte y evite levantar sospechas.","When we shelter a traveler, we expect them to behave and avoid arousing suspicion.","{""Mood"": ""Ind"", ""Number"": ""Plur"", ""Person"": ""1"", ""Tense"": ""Pres"", ""VerbForm"": ""Fin""}",[]
azotar,VERB,spank,azotado,CHAR-00020978,Esos hombres podrían haberlos azotado.,These men could have been whipped.,"{""Gender"": ""Masc"", ""Number"": ""Sing"", ""Tense"": ""Past"", ""VerbForm"": ""Part""}",[]
toser,VERB,cough,Toser,CHAR-00021056,Toser ayuda a proteger los pulmones,Coughing helps protect the lungs,"{""VerbForm"": ""Inf""}",[]
parpadear,VERB,to blink,parpadeado,CHAR-00021158,El había «parpadeado de forma inadecuada».,"He had ""blinked inappropriately.""","{""Gender"": ""Masc"", ""Number"": ""Sing"", ""Tense"": ""Past"", ""VerbForm"": ""Part""}",[]
entornado,ADJ,narrowed ,entornados,CHAR-00021231,"Tepper permaneció sentado, con los ojos entornados y envarado.","Tepper remained seated, eyes narrowed and stiff.","{""Gender"": ""Masc"", ""Number"": ""Plur""}",[]
envarado,ADJ,stiff,envarado,CHAR-00021244,"Tepper permaneció sentado, con los ojos entornados y envarado.","Tepper remained seated, eyes narrowed and stiff.","{""Gender"": ""Masc"", ""Number"": ""Sing"", ""VerbForm"": ""Part""}",[]
apoyado,ADJ,supported,apoyado,CHAR-00021263,"Tepper permaneció sentado, el brazo apoyado en la mesa.","Tepper remained seated, his arm resting on the table.","{""Gender"": ""Masc"", ""Number"": ""Sing"", ""VerbForm"": ""Part""}",[]
echar,VERB,throw,echó,CHAR-00021395,Se echó la bolsa al hombro y abrió la puerta tranquilamente.,He shouldered the bag and opened the door calmly.,"{""Mood"": ""Ind"", ""Number"": ""Sing"", ""Person"": ""3"", ""Tense"": ""Past"", ""VerbForm"": ""Fin""}",[]
arremolinar,VERB,swirl,arremolinó,CHAR-00021518,Una densa bruma se arremolinó perezosamente alrededor del cuerpo de Kelsier.,A dense mist swirled lazily around Kelsier's body.,"{""Mood"": ""Ind"", ""Number"": ""Sing"", ""Person"": ""3"", ""Tense"": ""Past"", ""VerbForm"": ""Fin""}",[]
remansar,VERB,backwater,remansó,CHAR-00021579,Una densa bruma se remansó en el suelo y se arrastró como un animal vacilante.,A dense mist pooled on the floor and crawled like an unsteady animal.,"{""Mood"": ""Ind"", ""Number"": ""Sing"", ""Person"": ""3"", ""Tense"": ""Past"", ""VerbForm"": ""Fin""}",[]
vacilante,ADJ,hesitant,vacilante,CHAR-00021628,Una densa bruma se remansó en el suelo y se arrastró como un animal vacilante.,A dense mist pooled on the floor and crawled like an unsteady animal.,"{""Number"": ""Sing""}",[]
gemir,VERB,moan,gimieron,CHAR-00021655,Varias personas gimieron horrorizadas.,Several people groaned in horror.,"{""Mood"": ""Ind"", ""Number"": ""Plur"", ""Person"": ""3"", ""Tense"": ""Past"", ""VerbForm"": ""Fin""}",[]
horrorizada,ADJ,horrified,horrorizadas,CHAR-00021664,Varias personas gimieron horrorizadas.,Several people groaned in horror.,"{""Gender"": ""Fem"", ""Number"": ""Plur"", ""VerbForm"": ""Part""}",[]
desconcertado,ADJ,bewildered,desconcertadas,CHAR-00021714,La mayoría estaban demasiado desconcertadas para emitir ningún sonido.,Most were too bewildered to utter a sound.,"{""Gender"": ""Fem"", ""Number"": ""Plur"", ""VerbForm"": ""Part""}",[]
súplica,NOUN,appeal,súplica,CHAR-00021947,"– Las palabras de Tepper eran una súplica, no una orden.","– Tepper's words were a plea, not an order.","{""Gender"": ""Fem"", ""Number"": ""Sing""}",[]
conllevar,VERB,carry,conllevaban,CHAR-00022195,Sus palabras conllevaban una pregunta.,His words carried a question.,"{""Mood"": ""Ind"", ""Number"": ""Plur"", ""Person"": ""3"", ""Tense"": ""Imp"", ""VerbForm"": ""Fin""}",[]
cobijo,NOUN,shelter,cobijo,CHAR-00022700,Los tímidos campesinos daban cobijo a un hombre como Kelsier.,The timid peasants sheltered a man like Kelsier.,"{""Gender"": ""Masc"", ""Number"": ""Sing""}",[]
sometido,ADJ,subjected,sometidos,CHAR-00023249,"Los skaa podían estar sometidos, pero eran unos chismosos incurables.","The skaa might be submissive, but they were incurable gossips.","{""Gender"": ""Masc"", ""Number"": ""Plur"", ""VerbForm"": ""Part""}",[]
dominio,NOUN,domain,dominios,CHAR-00023918,No sabía que el buen Tepper hubiese estado en los dominios de Lord Renoux últimamente.,I did not know that the good Tepper had been in Lord Renoux's domain lately.,"{""Gender"": ""Masc"", ""Number"": ""Plur""}",[]
ruborizar,VERB,blush,ruborizó,CHAR-00024040,Tepper se ruborizó: los skaa no viajaban,Tepper blushed: the skaa did not travel.,"{""Mood"": ""Ind"", ""Number"": ""Sing"", ""Person"": ""3"", ""Tense"": ""Past"", ""VerbForm"": ""Fin""}",[]
delatar,VERB,betray,delatan,CHAR-00024257,Tú eres el que llaman el Superviviente; esas cicatrices de tus brazos te delatan.,You are the one they call the Survivor; Those scars on your arms give you away.,"{""Mood"": ""Ind"", ""Number"": ""Plur"", ""Person"": ""3"", ""Tense"": ""Pres"", ""VerbForm"": ""Fin""}",[]
sembrar,VERB,sow,sembrando,CHAR-00024314,Eres un provocador: viajas por las plantaciones sembrando el descontento.,You are a provocateur: you travel through the plantations sowing discontent.,"{""VerbForm"": ""Ger""}",[]
infundado,ADJ,unfounded,infundados,CHAR-00024613,Tus temores son completamente infundados.,Your fears are completely unfounded.,"{""Gender"": ""Masc"", ""Number"": ""Plur"", ""VerbForm"": ""Part""}",[]
arrojar,VERB,throw,arrojó,CHAR-00024734,"Con esas palabras, Kelsier arrojó su mochila al suelo ante la mesa de Tepper.","With those words, Kelsier threw his backpack on the floor in front of Tepper's table.","{""Mood"": ""Ind"", ""Number"": ""Sing"", ""Person"": ""3"", ""Tense"": ""Past"", ""VerbForm"": ""Fin""}",[]
volcar,VERB,overturn,volcó,CHAR-00024799,La mochila se volcó y su contenido se desparramó.,The backpack tipped over and its contents spilled out.,"{""Mood"": ""Ind"", ""Number"": ""Sing"", ""Person"": ""3"", ""Tense"": ""Past"", ""VerbForm"": ""Fin""}",[]
desparramar,VERB,spread,desparramó,CHAR-00024823,La mochila se volcó y su contenido se desparramó.,The backpack tipped over and its contents spilled out.,"{""Mood"": ""Ind"", ""Number"": ""Sing"", ""Person"": ""3"", ""Tense"": ""Past"", ""VerbForm"": ""Fin""}",[]
embutido,NOUN,sausage,embutidos,CHAR-00024874,"Buen pan, fruta e incluso unos cuantos embutidos curados quedaron a la vista.","Good bread, fruit and even a few cured sausages were on display.","{""Gender"": ""Masc"", ""Number"": ""Plur""}",[]
rodar,VERB,roll,rodó,CHAR-00024932,Una pieza de fruta rodó por el suelo y chocó suavemente contra el pie de Tepper.,A piece of fruit rolled across the floor and gently collided with Tepper's foot.,"{""Mood"": ""Ind"", ""Number"": ""Sing"", ""Person"": ""3"", ""Tense"": ""Past"", ""VerbForm"": ""Fin""}",[]
rango,NOUN,range,rango,CHAR-00025157,Eres un hombre de renombrado prestigio y rango.,You are a man of renowned prestige and rank.,"{""Gender"": ""Masc"", ""Number"": ""Sing""}",[]
palideceír,VERB,pale,palideció,CHAR-00025268,Tepper palideció aún más.,Tepper paled even more.,"{""Mood"": ""Ind"", ""Number"": ""Sing"", ""Person"": ""3"", ""Tense"": ""Past"", ""VerbForm"": ""Fin""}",[]
añadir,VERB,add,añadir,CHAR-00025391,Y he de añadir que  su ojo para los soldados es impresionante.,And I must add that his eye for soldiers is impressive.,"{""VerbForm"": ""Inf""}",[]
dispuesto,ADJ,willing,dispuesto,CHAR-00025745,Estoy dispuesto a apostar a que sabe un poquitín mejor que esa sopa aguada.,I'm willing to bet it tastes just a tiny bit better than that watery soup.,"{""Gender"": ""Masc"", ""Number"": ""Sing"", ""VerbForm"": ""Part""}",[]
poquitín,NOUN,trifle,poquitín,CHAR-00025779,Estoy dispuesto a apostar a que sabe un poquitín mejor que esa sopa aguada.,I'm willing to bet it tastes just a tiny bit better than that watery soup.,"{""Gender"": ""Masc"", ""Number"": ""Sing""}",[]
aguado,ADJ,watery,aguada,CHAR-00025807,Estoy dispuesto a apostar a que sabe un poquitín mejor que esa sopa aguada.,I'm willing to bet it tastes just a tiny bit better than that watery soup.,"{""Gender"": ""Fem"", ""Number"": ""Sing"", ""VerbForm"": ""Part""}",[]
festín,NOUN,feast,festín,CHAR-00026147,Los skaa se daban un festín con una comida bastante más exótica.,The skaa feasted on far more exotic food.,"{""Gender"": ""Masc"", ""Number"": ""Sing""}",[]
deprimentemente,ADJ,depressingly,deprimentemente,CHAR-00026359,Había dicho lo cierto: los contenidos de la despensa eran deprimentemente vulgares.,He had said the truth: the contents of the pantry were depressingly vulgar.,"{""Number"": ""Sing""}",[]
gacha,NOUN,porridge,gachas,CHAR-00026449,"Sin embargo, esa gente no se había alimentado más que de sopa y gachas desde la infancia.","However, these people had only eaten soup and porridge since childhood.","{""Gender"": ""Fem"", ""Number"": ""Plur""}",[]
manjar,NOUN,delicacy,manjares,CHAR-00026516,"Para ellos, el pan y la fruta eran raros manjares.","For them, bread and fruit were rare delicacies.","{""Gender"": ""Masc"", ""Number"": ""Plur""}",[]
cojear,VERB,limp,cojeando,CHAR-00026685,Se acercó cojeando para sentarse en un taburete junto a Kelsier.,He limped over to sit on a stool next to Kelsier.,"{""VerbForm"": ""Ger""}",[]
hurto,NOUN,theft,hurto,CHAR-00026843,Cuando todas las pruebas de mi hurto hayan sido adecuadamente devoradas.,When all the evidence of my theft has been properly devoured.,"{""Gender"": ""Masc"", ""Number"": ""Sing""}",[]
digerir,VERB,to digest,digerir,CHAR-00027110,Los nuevos sabores son difíciles de digerir.,The new flavors are difficult to digest.,"{""VerbForm"": ""Inf""}",[]
calva,ADJ,bald spot,calva,CHAR-00027217,Su piel correosa y su cabeza calva le hacían parecer más frágil que sabio.,His leathery skin and bald head made him look more fragile than wise.,"{""Number"": ""Sing""}",[]
valer,VERB,to earn,valido,CHAR-00020857,El podría haberles valido un azote a los hombres.,He could have earned the men a whipping.,"{""Gender"": ""Masc"", ""Number"": ""Sing"", ""Tense"": ""Past"", ""VerbForm"": ""Part""}",[]
jornada,NOUN,workday,jornada,CHAR-00027449,Los viejos se quedaran en casa durante la jornada de trabajo.,Older people will stay at home during the workday.,"{""Gender"": ""Fem"", ""Number"": ""Sing""}",[]
componer,VERB,to compose,componían,CHAR-00027497,Los frecuentes azotes componían la vida de los skaa.,The frequent whippings made up skaa life.,"{""Mood"": ""Ind"", ""Number"": ""Plur"", ""Person"": ""3"", ""Tense"": ""Imp"", ""VerbForm"": ""Fin""}",[]
calado,NOUN,importance,calado,CHAR-00027965,Se estaba refiriendo a cosas de más calado que su pugna con Tepper.,He was referring to things of greater importance than his fight with Tepper.,"{""Gender"": ""Masc"", ""Number"": ""Sing""}",[]
pugna,NOUN,fight,pugna,CHAR-00027979,Se estaba refiriendo a cosas de más calado que su pugna con Tepper.,He was referring to things of greater importance than his fight with Tepper.,"{""Gender"": ""Fem"", ""Number"": ""Sing""}",[]
famélico,ADJ,famished,famélicos,CHAR-00028111,Los habitantes son medio famélicos y sobrecargados de trabajo.,The inhabitants are half-starved and overworked.,"{""Gender"": ""Masc"", ""Number"": ""Plur""}",[]
sobrecargado,ADJ,overloaded,sobrecargados,CHAR-00028123,Los habitantes son medio famélicos y sobrecargados de trabajo.,The inhabitants are half-starved and overloaded with work.,"{""Gender"": ""Masc"", ""Number"": ""Plur"", ""VerbForm"": ""Part""}",[]
trotamundos,NOUN,globetrotter,trotamundos,CHAR-00028652,Sólo soy un trotamundos depravado.,I'm just a depraved globetrotter.,"{""Gender"": ""Masc"", ""Number"": ""Sing""}",[]
contradecir,VERB,contradict,contradicho,CHAR-00028895,–Por eso no lo he contradicho…,–That is why I have not contradicted him…,"{""Gender"": ""Masc"", ""Number"": ""Sing"", ""Tense"": ""Past"", ""VerbForm"": ""Part""}",[]
acertado,ADJ,accurate,acertado,CHAR-00029059,Es probablemente lo único acertado que ha hecho Tepper.,It's probably the only accurate thing Tepper has done.,"{""Gender"": ""Masc"", ""Number"": ""Sing"", ""VerbForm"": ""Part""}",[]
pillar,VERB,catch,pillaron,CHAR-00029435,Lo pillaron hablando de rebelión.,They caught him talking about rebellion.,"{""Mood"": ""Ind"", ""Number"": ""Plur"", ""Person"": ""3"", ""Tense"": ""Past"", ""VerbForm"": ""Fin""}",[]
antebrazo,NOUN,forearm,antebrazos,CHAR-00029605,Kelsier se miró las manos y los antebrazos.,Kelsier looked at his hands and forearms.,"{""Gender"": ""Masc"", ""Number"": ""Plur""}",[]
alarido,NOUN,howl,alaridos,CHAR-00030293,La gente trató de escuchar los débiles y agudos alaridos.,"The people tried to listen to the faint, high-pitched howls.","{""Gender"": ""Masc"", ""Number"": ""Plur""}",[]
sencillo,ADJ,simple,sencillo,CHAR-00030425,Le resultaba sencillo hacerlo después de años de práctica.,It was simple for him to do it after years of practice.,"{""Gender"": ""Masc"", ""Number"": ""Sing""}",[]
recurrir,VERB,to resort,recurriendo,CHAR-00030637,"Buscó con su mente y tocó el estaño, recurriendo a poderes que apenas entendía.","He searched with his mind and touched the tin, resorting to powers he barely understood.","{""VerbForm"": ""Ger""}",[]
nítido,ADJ,sharp,nítida,CHAR-00030900,La habitación que lo rodeaba se volvió nítida.,The room around him became clear.,"{""Gender"": ""Fem"", ""Number"": ""Sing"", ""VerbForm"": ""Part""}",[]
cegador,NOUN,blinding,cegador,CHAR-00030973,Un brillo casi cegador.,An almost blinding brightness.,"{""Gender"": ""Masc"", ""Number"": ""Sing""}",[]
hogaza,NOUN,loaf,hogaza,CHAR-00031079,Pudo saborear los restos de la hogaza de pan.,He could taste the remains of the loaf of bread.,"{""Gender"": ""Fem"", ""Number"": ""Sing""}",[]
mandar él,VERB,send for him,mandarla,CHAR-00031557,–Estaba claro que Lord Tresting iba a mandarla llamar tarde o temprano.,–It was clear that Lord Tresting was going to send for her sooner or later.,"{""Case"": ""Acc"", ""Gender"": ""Fem"", ""Number"": ""Sing"", ""Person"": ""3"", ""PrepCase"": ""Npr"", ""PronType"": ""Prs"", ""VerbForm"": ""Inf""}",[]
suelto,NOUN,loose,sueltos,CHAR-00032287,No podía permitirse tener niños mestizos por ahí sueltos.,He couldn't afford to have half-breed children running loose.,"{""Gender"": ""Masc"", ""Number"": ""Plur""}",[]
apagar,VERB,to put out,apagaron,CHAR-00032384,"Los gritos se apagaron, pero la furia de Kelsier aumentó.","The screams died away, but Kelsier's fury increased.","{""Mood"": ""Ind"", ""Number"": ""Plur"", ""Person"": ""3"", ""Tense"": ""Past"", ""VerbForm"": ""Fin""}",[]
ensanchar,VERB,widen,ensanchó,CHAR-00032956,La sonrisa de Kelsier se ensanchó.,Kelsier's smile widened.,"{""Mood"": ""Ind"", ""Number"": ""Sing"", ""Person"": ""3"", ""Tense"": ""Past"", ""VerbForm"": ""Fin""}",[]
amanecer,NOUN,dawn,amanecer,CHAR-00033223,Mennis estaba ya despierto antes del amanecer.,Mennis was already awake before dawn.,"{""Gender"": ""Masc"", ""Number"": ""Sing""}",[]
goz,NOUN,enjoyment,goces,CHAR-00033881,Sus goces nocturnos.,His nocturnal enjoyments.,"{""Gender"": ""Masc"", ""Number"": ""Plur""}",[]
rebote,NOUN,rebound,rebote,CHAR-00034020,"Tresting bien podía decidir castigar al resto de los skaa, de rebote.","Tresting might well decide to punish the rest of the skaa, on the rebound.","{""Gender"": ""Masc"", ""Number"": ""Sing""}",[]
tendido,ADJ,lying,tendido,CHAR-00034106,Mennis permaneció tendido en el duro suelo.,Mennis remained lying on the hard floor.,"{""Gender"": ""Masc"", ""Number"": ""Sing"", ""VerbForm"": ""Part""}",[]
entumecido,ADJ,numb,entumecida,CHAR-00034165,"Los huesos doloridos, la espalda entumecida, los músculos exhaustos.","Bones aching, back numb, muscles exhausted.","{""Gender"": ""Fem"", ""Number"": ""Sing"", ""VerbForm"": ""Part""}",[]
rendir él,VERB,to give up,rendirse,CHAR-00034280,Cada día estaba a punto de rendirse.,Every day he was on the verge of giving up.,"{""Case"": ""Acc"", ""Person"": ""3"", ""PrepCase"": ""Npr"", ""PronType"": ""Prs"", ""Reflex"": ""Yes"", ""VerbForm"": ""Inf""}",[]
menguar,VERB,wane,menguaron,CHAR-00034745,Los dolores de la edad menguaron levemente.,The pains of age waned slightly.,"{""Mood"": ""Ind"", ""Number"": ""Plur"", ""Person"": ""3"", ""Tense"": ""Past"", ""VerbForm"": ""Fin""}",[]
dirigir él,VERB,direct him,dirigirse,CHAR-00034792,Pudo salir de la choza y dirigirse a los campos.,He was able to leave the hut and head towards the fields.,"{""Case"": ""Acc"", ""Person"": ""3"", ""PrepCase"": ""Npr"", ""PronType"": ""Prs"", ""Reflex"": ""Yes"", ""VerbForm"": ""Inf""}",[]
cortina,NOUN,curtain,cortina,CHAR-00035092,El sol rojo se alzaba tras la habitual cortina de nubes negruzcas.,The red sun was rising behind the usual curtain of blackish clouds.,"{""Gender"": ""Fem"", ""Number"": ""Sing""}",[]
negruzca,ADJ,blackish,negruzcas,CHAR-00035109,El sol rojo se alzaba tras la habitual cortina de nubes negruzcas.,The red sun was rising behind the usual curtain of blackish clouds.,"{""Gender"": ""Fem"", ""Number"": ""Plur""}",[]
oler,VERB,smell,huele,CHAR-00035141,–Últimamente siempre huele a humo –dijo Shum–.,"""It always smells like smoke these days,"" Shum said.","{""Mood"": ""Ind"", ""Number"": ""Sing"", ""Person"": ""3"", ""Tense"": ""Pres"", ""VerbForm"": ""Fin""}",[]
soltar,VERB,to let go,soltó,CHAR-00035341,Se soltó de Shum y se acercó al grupo.,He let go of Shum and approached the group.,"{""Mood"": ""Ind"", ""Number"": ""Sing"", ""Person"": ""3"", ""Tense"": ""Past"", ""VerbForm"": ""Fin""}",[]
muchedumbre,NOUN,crowd,muchedumbre,CHAR-00036032,Mennis se apartó un poco de la muchedumbre.,Mennis moved a little away from the crowd.,"{""Gender"": ""Fem"", ""Number"": ""Sing""}",[]
disolver,VERB,to break up,disolver,CHAR-00036102,Ningún capataz acudía para disolver el grupo a golpes.,No foreman came to break up the group with blows.,"{""VerbForm"": ""Inf""}",[]
retorcido,ADJ,twisted,retorcida,CHAR-00036313,Cuando llegó los otros habían advertido la retorcida columna de humo.,When he arrived the others had noticed the twisted column of smoke.,"{""Gender"": ""Fem"", ""Number"": ""Sing"", ""VerbForm"": ""Part""}",[]
altiplanicie,NOUN,plateau,altiplanicie,CHAR-00036450,Mennis no fue el primero en llegar a la linde de la pequeña altiplanicie.,Mennis was not the first to reach the edge of the small plateau.,"{""Gender"": ""Fem"", ""Number"": ""Sing""}",[]
humeante,ADJ,smoky,humeante,CHAR-00036567,Sólo quedaba de ella una huella negra y humeante.,"Only a black, smoky footprint remained of her.","{""Number"": ""Sing""}",[]
puñal,NOUN,dagger,puñal,CHAR-00037087,Las heridas de puñal en su pecho.,The stab wounds in his chest.,"{""Gender"": ""Masc"", ""Number"": ""Sing""}",[]
antorcha,NOUN,torch,antorcha,CHAR-00037140,El hombre aplicó una antorcha al edificio.,The man held a torch to the building.,"{""Gender"": ""Fem"", ""Number"": ""Sing""}",[]
enterar,VERB,find out,entere,CHAR-00037895,¿Qué ocurrirá cuando el Lord Legislador se entere de esto?,What will happen when the Lord Ruler finds out about this?,"{""Mood"": ""Sub"", ""Number"": ""Sing"", ""Person"": ""3"", ""Tense"": ""Pres"", ""VerbForm"": ""Fin""}",[]
abrumar,VERB,overwhelm,abrumado,CHAR-00039009,Tepper permaneció inmóvil un instante y Mennis pensó que la conmoción lo había abrumado.,"Tepper stood motionless for a moment, and Mennis thought the shock had overwhelmed him.","{""Gender"": ""Masc"", ""Number"": ""Sing"", ""Tense"": ""Past"", ""VerbForm"": ""Part""}",[]
adentro,NOUN,inside,adentros,CHAR-00039175,Mennis maldijo para sus adentros al tal Kelsier.,Mennis inwardly cursed this Kelsier.,"{""Gender"": ""Masc"", ""Number"": ""Plur""}",[]
